index,token,count,tag,frequency,neg,neu,pos,compound
266,advisable,1,JJ,0.000683526999316473,0.0,1.0,0.0,0.0
921,temporary,1,JJ,0.000683526999316473,0.0,1.0,0.0,0.0
133,sphere,1,RB,0.000683526999316473,0.0,1.0,0.0,0.0
986,satellite,1,NN,0.000683526999316473,0.0,1.0,0.0,0.0
988,mesh,1,JJ,0.000683526999316473,0.0,1.0,0.0,0.0
1035,fractions,1,NNS,0.000683526999316473,0.0,1.0,0.0,0.0
989,networks,1,NNS,0.000683526999316473,0.0,1.0,0.0,0.0
390,damage,1,NN,0.000683526999316473,1.0,0.0,0.0,-0.4939
240,make,1,VB,0.000683526999316473,0.0,1.0,0.0,0.0
1186,markets,1,NNS,0.000683526999316473,0.0,1.0,0.0,0.0
115,graaff,1,FW,0.000683526999316473,0.0,1.0,0.0,0.0
191,methods,1,NNS,0.000683526999316473,0.0,1.0,0.0,0.0
628,high,1,JJ,0.000683526999316473,0.0,1.0,0.0,0.0
1187,exchange,1,VBP,0.000683526999316473,0.0,1.0,0.0,0.0
1462,helpful,1,JJ,0.000683526999316473,0.0,0.0,1.0,0.4215
990,overall,1,VBP,0.000683526999316473,0.0,1.0,0.0,0.0
1099,validated,1,VBN,0.000683526999316473,0.0,0.0,1.0,0.2263
1228,contract,1,NN,0.000683526999316473,0.0,1.0,0.0,0.0
1190,user,1,NN,0.000683526999316473,0.0,1.0,0.0,0.0
1118,decide,1,VB,0.000683526999316473,0.0,1.0,0.0,0.0
29,eletricity,1,NN,0.000683526999316473,0.0,1.0,0.0,0.0
238,future,1,NN,0.000683526999316473,0.0,1.0,0.0,0.0
621,telecommunications,1,NNS,0.000683526999316473,0.0,1.0,0.0,0.0
963,copies,1,NNS,0.000683526999316473,0.0,1.0,0.0,0.0
983,means,1,NNS,0.000683526999316473,0.0,1.0,0.0,0.0
977,connect,1,VB,0.000683526999316473,0.0,1.0,0.0,0.0
1330,void,1,NN,0.000683526999316473,0.0,1.0,0.0,0.0
835,apart,1,RB,0.000683526999316473,0.0,1.0,0.0,0.0
870,decentralized,1,VBN,0.000683526999316473,0.0,1.0,0.0,0.0
62,manner,1,NN,0.000683526999316473,0.0,1.0,0.0,0.0
103,friction,1,NN,0.000683526999316473,0.0,1.0,0.0,0.0
245,viable,1,JJ,0.000683526999316473,0.0,1.0,0.0,0.0
515,enormous,1,JJ,0.000683526999316473,0.0,1.0,0.0,0.0
634,periods,1,NNS,0.000683526999316473,0.0,1.0,0.0,0.0
1335,apologize,1,NN,0.000683526999316473,0.0,0.0,1.0,0.1027
53,atmosphere,1,NN,0.000683526999316473,0.0,1.0,0.0,0.0
1256,little,1,JJ,0.000683526999316473,0.0,1.0,0.0,0.0
1028,what,1,WP,0.000683526999316473,0.0,1.0,0.0,0.0
527,way,1,NN,0.000683526999316473,0.0,1.0,0.0,0.0
581,direct,1,VB,0.000683526999316473,0.0,1.0,0.0,0.0
1194,happened,1,VBN,0.000683526999316473,0.0,1.0,0.0,0.0
816,needs,1,NNS,0.000683526999316473,0.0,1.0,0.0,0.0
256,cause,1,NN,0.000683526999316473,0.0,1.0,0.0,0.0
183,channel,1,VB,0.000683526999316473,0.0,1.0,0.0,0.0
222,scale,1,NN,0.000683526999316473,0.0,1.0,0.0,0.0
762,electric,1,JJ,0.000683526999316473,0.0,1.0,0.0,0.0
804,have,1,VB,0.000683526999316473,0.0,1.0,0.0,0.0
887,become,1,VB,0.000683526999316473,0.0,1.0,0.0,0.0
1292,accept,1,VB,0.000683526999316473,0.0,0.0,1.0,0.3818
968,across,1,IN,0.000683526999316473,0.0,1.0,0.0,0.0
1353,reconnects,1,VBZ,0.000683526999316473,0.0,1.0,0.0,0.0
57,easily,1,RB,0.000683526999316473,0.0,0.0,1.0,0.34
1234,forking,1,VBG,0.000683526999316473,0.0,1.0,0.0,0.0
1373,included,1,VBN,0.000683526999316473,0.0,1.0,0.0,0.0
788,choose,1,VB,0.000683526999316473,0.0,1.0,0.0,0.0
792,experienced,1,JJ,0.000683526999316473,0.0,1.0,0.0,0.0
1130,set,1,NN,0.000683526999316473,0.0,1.0,0.0,0.0
43,involving,1,VBG,0.000683526999316473,0.0,1.0,0.0,0.0
818,design,1,NN,0.000683526999316473,0.0,1.0,0.0,0.0
104,between,1,IN,0.000683526999316473,0.0,1.0,0.0,0.0
812,installer,1,VB,0.000683526999316473,0.0,1.0,0.0,0.0
832,will,1,MD,0.000683526999316473,0.0,1.0,0.0,0.0
1101,confirmed,1,VBN,0.000683526999316473,0.0,1.0,0.0,0.0
114,de,1,IN,0.000683526999316473,0.0,1.0,0.0,0.0
1246,most,1,JJS,0.000683526999316473,0.0,1.0,0.0,0.0
293,techniques,1,NNS,0.000683526999316473,0.0,1.0,0.0,0.0
1226,dao,1,NN,0.000683526999316473,0.0,1.0,0.0,0.0
1288,sure,1,JJ,0.000683526999316473,0.0,0.0,1.0,0.3182
385,create,1,VB,0.000683526999316473,0.0,0.0,1.0,0.2732
680,training,1,NN,0.000683526999316473,0.0,1.0,0.0,0.0
1250,occur,1,NNS,0.000683526999316473,0.0,1.0,0.0,0.0
38,due,1,JJ,0.000683526999316473,0.0,1.0,0.0,0.0
1191,bases,1,NNS,0.000683526999316473,0.0,1.0,0.0,0.0
1081,versions,1,NNS,0.000683526999316473,0.0,1.0,0.0,0.0
958,layers,1,NNS,0.000683526999316473,0.0,1.0,0.0,0.0
188,device,1,NN,0.000683526999316473,0.0,1.0,0.0,0.0
1087,sets,1,NNS,0.000683526999316473,0.0,1.0,0.0,0.0
658,done,1,VBN,0.000683526999316473,0.0,1.0,0.0,0.0
1218,over,1,IN,0.000683526999316473,0.0,1.0,0.0,0.0
1320,making,1,VBG,0.000683526999316473,0.0,1.0,0.0,0.0
113,van,1,NN,0.000683526999316473,0.0,1.0,0.0,0.0
411,established,1,VBN,0.000683526999316473,0.0,1.0,0.0,0.0
1000,pose,1,VB,0.000683526999316473,0.0,1.0,0.0,0.0
12,sky,1,NN,0.000683526999316473,0.0,1.0,0.0,0.0
413,guidelines,1,NNS,0.000683526999316473,0.0,1.0,0.0,0.0
961,including,1,VBG,0.000683526999316473,0.0,1.0,0.0,0.0
806,professional,1,JJ,0.000683526999316473,0.0,1.0,0.0,0.0
1458,hope,1,VBP,0.000683526999316473,0.0,0.0,1.0,0.4404
1440,nullifying,1,VBG,0.000683526999316473,0.0,1.0,0.0,0.0
708,well-known,1,JJ,0.000683526999316473,0.0,1.0,0.0,0.0
1237,rare,1,JJ,0.000683526999316473,0.0,1.0,0.0,0.0
437,inside,1,IN,0.000683526999316473,0.0,1.0,0.0,0.0
202,efficient,1,JJ,0.000683526999316473,0.0,0.0,1.0,0.4215
1448,thank,1,VBD,0.000683526999316473,0.0,0.0,1.0,0.3612
1212,thousand,1,NN,0.000683526999316473,0.0,1.0,0.0,0.0
880,cut,1,VBN,0.000683526999316473,1.0,0.0,0.0,-0.2732
1239,extreme,1,JJ,0.000683526999316473,0.0,1.0,0.0,0.0
1036,start,1,VBP,0.000683526999316473,0.0,1.0,0.0,0.0
697,built,1,VBN,0.000683526999316473,0.0,1.0,0.0,0.0
1266,developers,1,NNS,0.000683526999316473,0.0,1.0,0.0,0.0
1024,face,1,NN,0.000683526999316473,0.0,1.0,0.0,0.0
722,leading,1,JJ,0.000683526999316473,0.0,1.0,0.0,0.0
1195,before,1,IN,0.000683526999316473,0.0,1.0,0.0,0.0
737,surge,1,NN,0.000683526999316473,0.0,1.0,0.0,0.0
702,specialize,1,VBP,0.000683526999316473,0.0,1.0,0.0,0.0
393,particularly,1,RB,0.000683526999316473,0.0,1.0,0.0,0.0
246,source,1,NN,0.000683526999316473,0.0,1.0,0.0,0.0
598,store,1,VB,0.000683526999316473,0.0,1.0,0.0,0.0
400,populated,1,JJ,0.000683526999316473,0.0,1.0,0.0,0.0
1223,hack,1,NN,0.000683526999316473,0.0,1.0,0.0,0.0
813,evaluate,1,VB,0.000683526999316473,0.0,1.0,0.0,0.0
899,consensus,1,NN,0.000683526999316473,0.0,1.0,0.0,0.0
388,risk,1,NN,0.000683526999316473,1.0,0.0,0.0,-0.2732
323,currents,1,NNS,0.000683526999316473,0.0,1.0,0.0,0.0
83,ways,1,NNS,0.000683526999316473,0.0,1.0,0.0,0.0
404,flammable,1,JJ,0.000683526999316473,0.0,1.0,0.0,0.0
231,new,1,JJ,0.000683526999316473,0.0,1.0,0.0,0.0
426,property,1,NN,0.000683526999316473,0.0,1.0,0.0,0.0
1127,support,1,VB,0.000683526999316473,0.0,0.0,1.0,0.4019
1227,smart,1,NN,0.000683526999316473,0.0,0.0,1.0,0.4019
730,dehn,1,VBZ,0.000683526999316473,0.0,1.0,0.0,0.0
23,electro,1,JJ,0.000683526999316473,0.0,1.0,0.0,0.0
235,developed,1,VBN,0.000683526999316473,0.0,1.0,0.0,0.0
280,unpredictable,1,JJ,0.000683526999316473,0.0,1.0,0.0,0.0
252,sufficiently,1,RB,0.000683526999316473,0.0,1.0,0.0,0.0
801,also,1,RB,0.000683526999316473,0.0,1.0,0.0,0.0
1460,clarification,1,NN,0.000683526999316473,0.0,1.0,0.0,0.0
317,low-impedance,1,JJ,0.000683526999316473,0.0,1.0,0.0,0.0
664,necessary,1,JJ,0.000683526999316473,0.0,1.0,0.0,0.0
677,proper,1,JJ,0.000683526999316473,0.0,1.0,0.0,0.0
58,replicable,1,JJ,0.000683526999316473,0.0,1.0,0.0,0.0
1030,happen,1,VB,0.000683526999316473,0.0,1.0,0.0,0.0
933,validate,1,VB,0.000683526999316473,0.0,0.0,1.0,0.3612
881,off,1,RP,0.000683526999316473,0.0,1.0,0.0,0.0
688,avoided,1,VBN,0.000683526999316473,1.0,0.0,0.0,-0.34
1383,disregarded,1,VBN,0.000683526999316473,1.0,0.0,0.0,-0.3818
1404,own,1,JJ,0.000683526999316473,0.0,1.0,0.0,0.0
1160,others,1,NNS,0.000683526999316473,0.0,1.0,0.0,0.0
415,regulations,1,NNS,0.000683526999316473,0.0,1.0,0.0,0.0
1455,attention,1,NN,0.000683526999316473,0.0,1.0,0.0,0.0
1444,occurred,1,VBD,0.000683526999316473,0.0,1.0,0.0,0.0
100,generated,1,VBN,0.000683526999316473,0.0,1.0,0.0,0.0
1380,considered,1,VBN,0.000683526999316473,0.0,1.0,0.0,0.0
24,magnetic,1,JJ,0.000683526999316473,0.0,1.0,0.0,0.0
170,wire,1,NN,0.000683526999316473,0.0,1.0,0.0,0.0
216,generally,1,RB,0.000683526999316473,0.0,1.0,0.0,0.0
232,technologies,1,NNS,0.000683526999316473,0.0,1.0,0.0,0.0
549,protect,1,VB,0.000683526999316473,0.0,0.0,1.0,0.3818
752,erico,1,VBP,0.000683526999316473,0.0,1.0,0.0,0.0
790,reputable,1,JJ,0.000683526999316473,0.0,1.0,0.0,0.0
719,lec,1,JJ,0.000683526999316473,0.0,1.0,0.0,0.0
1170,persist,1,VB,0.000683526999316473,0.0,1.0,0.0,0.0
116,generator,1,NN,0.000683526999316473,0.0,1.0,0.0,0.0
1403,their,1,PRP$,0.000683526999316473,0.0,1.0,0.0,0.0
344,rods,1,NNS,0.000683526999316473,0.0,1.0,0.0,0.0
260,at,1,IN,0.000683526999316473,0.0,1.0,0.0,0.0
61,controlled,1,JJ,0.000683526999316473,0.0,1.0,0.0,0.0
824,building,1,NN,0.000683526999316473,0.0,1.0,0.0,0.0
917,built-in,1,JJ,0.000683526999316473,0.0,1.0,0.0,0.0
233,may,1,MD,0.000683526999316473,0.0,1.0,0.0,0.0
627,require,1,VBP,0.000683526999316473,0.0,1.0,0.0,0.0
982,alternative,1,JJ,0.000683526999316473,0.0,1.0,0.0,0.0
41,complex,1,JJ,0.000683526999316473,0.0,1.0,0.0,0.0
625,instruments,1,NNS,0.000683526999316473,0.0,1.0,0.0,0.0
923,outages,1,NNS,0.000683526999316473,0.0,1.0,0.0,0.0
224,research,1,NN,0.000683526999316473,0.0,1.0,0.0,0.0
1274,stability,1,NN,0.000683526999316473,0.0,1.0,0.0,0.0
1295,wrong,1,VBP,0.000683526999316473,1.0,0.0,0.0,-0.4767
834,fall,1,VB,0.000683526999316473,0.0,1.0,0.0,0.0
1143,split,1,NN,0.000683526999316473,0.0,1.0,0.0,0.0
1284,exactly,1,RB,0.000683526999316473,0.0,1.0,0.0,0.0
163,pointed,1,JJ,0.000683526999316473,0.0,1.0,0.0,0.0
45,buildup,1,NN,0.000683526999316473,0.0,1.0,0.0,0.0
962,multiple,1,JJ,0.000683526999316473,0.0,1.0,0.0,0.0
324,but,1,CC,0.000683526999316473,0.0,1.0,0.0,0.0
127,rotating,1,VBG,0.000683526999316473,0.0,1.0,0.0,0.0
629,levels,1,NNS,0.000683526999316473,0.0,1.0,0.0,0.0
1105,scenario,1,NN,0.000683526999316473,0.0,1.0,0.0,0.0
1438,discarded,1,VBN,0.000683526999316473,1.0,0.0,0.0,-0.34
63,therefore,1,IN,0.000683526999316473,0.0,1.0,0.0,0.0
1451,bringing,1,VBG,0.000683526999316473,0.0,1.0,0.0,0.0
1328,null,1,NN,0.000683526999316473,0.0,1.0,0.0,0.0
67,currently,1,RB,0.000683526999316473,0.0,1.0,0.0,0.0
820,customized,1,JJ,0.000683526999316473,0.0,1.0,0.0,0.0
270,manipulate,1,VB,0.000683526999316473,0.0,1.0,0.0,0.0
424,people,1,NNS,0.000683526999316473,0.0,1.0,0.0,0.0
9,earth,1,NN,0.000683526999316473,0.0,1.0,0.0,0.0
1381,invalid,1,JJ,0.000683526999316473,0.0,1.0,0.0,0.0
700,manufacturers,1,NNS,0.000683526999316473,0.0,1.0,0.0,0.0
403,near,1,IN,0.000683526999316473,0.0,1.0,0.0,0.0
1056,started,1,VBD,0.000683526999316473,0.0,1.0,0.0,0.0
210,solar,1,JJ,0.000683526999316473,0.0,1.0,0.0,0.0
1173,extended,1,JJ,0.000683526999316473,0.0,1.0,0.0,0.0
743,lpi,1,VBZ,0.000683526999316473,0.0,1.0,0.0,0.0
665,expertise,1,NN,0.000683526999316473,0.0,1.0,0.0,0.0
1140,lead,1,VB,0.000683526999316473,0.0,1.0,0.0,0.0
1303,because,1,IN,0.000683526999316473,0.0,1.0,0.0,0.0
636,time,1,NN,0.000683526999316473,0.0,1.0,0.0,0.0
656,only,1,RB,0.000683526999316473,0.0,1.0,0.0,0.0
967,distributed,1,VBD,0.000683526999316473,0.0,1.0,0.0,0.0
1020,functioning,1,VBG,0.000683526999316473,0.0,1.0,0.0,0.0
309,recommended,1,JJ,0.000683526999316473,0.0,0.0,1.0,0.2023
207,sources,1,NNS,0.000683526999316473,0.0,1.0,0.0,0.0
810,designer,1,NN,0.000683526999316473,0.0,1.0,0.0,0.0
1214,sixteen,1,NN,0.000683526999316473,0.0,1.0,0.0,0.0
1269,prevent,1,VB,0.000683526999316473,0.0,0.0,1.0,0.0258
1339,response,1,NN,0.000683526999316473,0.0,1.0,0.0,0.0
1073,mean,1,VB,0.000683526999316473,0.0,1.0,0.0,0.0
1207,classic,1,NN,0.000683526999316473,0.0,1.0,0.0,0.0
1116,need,1,VB,0.000683526999316473,0.0,1.0,0.0,0.0
1253,quickly,1,RB,0.000683526999316473,0.0,1.0,0.0,0.0
690,builds,1,VBZ,0.000683526999316473,0.0,1.0,0.0,0.0
1182,distinct,1,JJ,0.000683526999316473,0.0,1.0,0.0,0.0
42,process,1,NN,0.000683526999316473,0.0,1.0,0.0,0.0
676,without,1,IN,0.000683526999316473,0.0,1.0,0.0,0.0
1276,security,1,NN,0.000683526999316473,0.0,0.0,1.0,0.34
1316,drop,1,VB,0.000683526999316473,1.0,0.0,0.0,-0.2732
718,include,1,VBP,0.000683526999316473,0.0,1.0,0.0,0.0
888,difficult,1,JJ,0.000683526999316473,1.0,0.0,0.0,-0.3612
952,addition,1,NN,0.000683526999316473,0.0,1.0,0.0,0.0
660,trained,1,JJ,0.000683526999316473,0.0,1.0,0.0,0.0
416,regarding,1,VBG,0.000683526999316473,0.0,1.0,0.0,0.0
268,try,1,VB,0.000683526999316473,0.0,1.0,0.0,0.0
858,relies,1,NNS,0.000683526999316473,0.0,1.0,0.0,0.0
624,scientific,1,JJ,0.000683526999316473,0.0,1.0,0.0,0.0
761,franklin,1,VBP,0.000683526999316473,0.0,1.0,0.0,0.0
1215,following,1,VBG,0.000683526999316473,0.0,1.0,0.0,0.0
150,natural,1,JJ,0.000683526999316473,0.0,0.0,1.0,0.3612
1217,disagreement,1,NN,0.000683526999316473,1.0,0.0,0.0,-0.3612
1423,automatically,1,RB,0.000683526999316473,0.0,1.0,0.0,0.0
1427,longest,1,JJS,0.000683526999316473,0.0,1.0,0.0,0.0
212,wind,1,JJ,0.000683526999316473,0.0,1.0,0.0,0.0
392,injury,1,NN,0.000683526999316473,1.0,0.0,0.0,-0.4215
1285,right,1,RB,0.000683526999316473,0.0,1.0,0.0,0.0
661,professionals,1,NNS,0.000683526999316473,0.0,1.0,0.0,0.0
742,international,1,JJ,0.000683526999316473,0.0,1.0,0.0,0.0
821,solution,1,NN,0.000683526999316473,0.0,0.0,1.0,0.3182
1424,switch,1,VB,0.000683526999316473,0.0,1.0,0.0,0.0
844,fragmented,1,VBN,0.000683526999316473,0.0,1.0,0.0,0.0
1354,then,1,RB,0.000683526999316473,0.0,1.0,0.0,0.0
187,storage,1,NN,0.000683526999316473,0.0,1.0,0.0,0.0
1333,correct,1,JJ,0.000683526999316473,0.0,1.0,0.0,0.0
1002,challenges,1,NNS,0.000683526999316473,0.0,0.0,1.0,0.0772
128,belt,1,NN,0.000683526999316473,0.0,1.0,0.0,0.0
773,many,1,JJ,0.000683526999316473,0.0,1.0,0.0,0.0
1301,n't,1,RB,0.000683526999316473,0.0,1.0,0.0,0.0
689,who,1,WP,0.000683526999316473,0.0,1.0,0.0,0.0
960,redundancy,1,NN,0.000683526999316473,0.0,1.0,0.0,0.0
131,grounded,1,JJ,0.000683526999316473,0.0,1.0,0.0,0.0
1360,accepted,1,VBN,0.000683526999316473,0.0,0.0,1.0,0.2732
641,note,1,VB,0.000683526999316473,0.0,1.0,0.0,0.0
1188,rates,1,NNS,0.000683526999316473,0.0,1.0,0.0,0.0
871,ledger,1,NN,0.000683526999316473,0.0,1.0,0.0,0.0
1409,creating,1,VBG,0.000683526999316473,0.0,0.0,1.0,0.296
554,effects,1,NNS,0.000683526999316473,0.0,1.0,0.0,0.0
608,later,1,JJR,0.000683526999316473,0.0,1.0,0.0,0.0
1439,effectively,1,RB,0.000683526999316473,0.0,0.0,1.0,0.4404
795,selecting,1,VBG,0.000683526999316473,0.0,1.0,0.0,0.0
1252,resolved,1,VBN,0.000683526999316473,0.0,0.0,1.0,0.1779
226,ongoing,1,VBG,0.000683526999316473,0.0,1.0,0.0,0.0
1209,forked,1,VBD,0.000683526999316473,0.0,1.0,0.0,0.0
286,influence,1,VB,0.000683526999316473,0.0,1.0,0.0,0.0
159,consist,1,VBP,0.000683526999316473,0.0,1.0,0.0,0.0
1338,previous,1,JJ,0.000683526999316473,0.0,1.0,0.0,0.0
1356,longer,1,NN,0.000683526999316473,0.0,1.0,0.0,0.0
1281,think,1,VBP,0.000683526999316473,0.0,1.0,0.0,0.0
1363,valid,1,JJ,0.000683526999316473,0.0,1.0,0.0,0.0
292,various,1,JJ,0.000683526999316473,0.0,1.0,0.0,0.0
1412,competing,1,VBG,0.000683526999316473,0.0,1.0,0.0,0.0
162,tall,1,JJ,0.000683526999316473,0.0,1.0,0.0,0.0
335,fact,1,NN,0.000683526999316473,0.0,1.0,0.0,0.0
